code,name,cur_price,lot_price,market_val,lot_size
HK.01398,工商银行,7.475,7475.0,2664136771740.275,1000.0
HK.00939,建设银行,9.245,9245.0,2418495526588.455,1000.0
HK.01288,农业银行,6.28,6280.0,2197893452722.44,1000.0
HK.03988,中国银行,5.505,5505.0,1773779327036.07,1000.0
HK.01211,比亚迪股份,93.15,9315.0,849266953179.75,100.0
HK.01810,小米集团-W,29.02,5804.0,747513183886.34,200.0
HK.00300,美的集团,96.9,9690.0,739230535114.8,100.0
HK.81211,比亚迪股份-R,80.0,8000.0,729375805200.0,100.0
HK.03328,交通银行,7.56,7560.0,668030208725.88,1000.0
HK.81810,小米集团-WR,24.84,4968.0,639842435828.28,200.0
HK.01658,邮储银行,4.935,4935.0,592669088983.02,1000.0
HK.00386,中国石油化工股份,4.405,8810.0,532676890147.91,2000.0
HK.03690,美团-W,85.0,8500.0,524915421070.0,100.0
HK.09633,农夫山泉,42.54,8508.0,478424680656.0,200.0
HK.02475,立讯精密,61.1,6110.0,472780790146.6,100.0
HK.83690,美团-WR,72.75,7275.0,449265845680.5,100.0
HK.00728,中国电信,4.885,9770.0,447012372544.615,2000.0
HK.00998,中信银行,8.005,8005.0,445439523923.32,1000.0
HK.01276,恒瑞医药,48.2,9640.0,319913033926.8,200.0
HK.09618,京东集团-SW,115.2,5760.0,309657600000.0,50.0
HK.02601,中国太保,29.46,5892.0,283415259264.3,200.0
HK.01919,中远海控,17.95,8975.0,274062807221.75,500.0
HK.02378,保诚,109.7,5485.0,274055165011.3,50.0
HK.89618,京东集团-SWR,98.6,4930.0,265036800000.0,50.0
HK.02611,国泰海通,15.03,3006.0,264243300958.44,200.0
HK.09888,百度集团-SW,93.2,4660.0,253692382550.4,50.0
HK.01339,中国人民保险集团,5.275,5275.0,233281550325.325,1000.0
HK.89888,百度集团-SWR,79.95,3997.5,217625600696.4,50.0
HK.06690,海尔智家,21.34,4268.0,200118616731.0,200.0
HK.02714,牧原股份,33.7,3370.0,194549970052.8,100.0
HK.03288,海天味业,32.04,3204.0,187467483209.76,100.0
HK.06818,中国光大银行,3.045,3045.0,179915502980.745,1000.0
HK.06031,三一重工,19.05,3810.0,175164834524.85,200.0
HK.06936,顺丰控股,32.62,6524.0,171520672872.36,200.0
HK.00788,中国铁塔,9.35,4675.0,164567920403.7,500.0
HK.09973,奇瑞汽车,26.96,2696.0,156599978209.68,100.0
HK.00688,中国海外发展,14.1,7050.0,154322857843.5,500.0
HK.01988,民生银行,3.5,1750.0,153238464757.0,500.0
HK.06886,HTSC,16.97,3394.0,153185878448.42,200.0
HK.02423,贝壳-W,45.38,4538.0,150549508677.2,100.0
HK.01766,中国中车,5.24,5240.0,150382047821.12,1000.0
HK.01336,新华保险,47.84,4784.0,149239109344.0,100.0
HK.01024,快手-W,34.42,3442.0,148933205374.86,100.0
HK.01972,太古地产,25.4,5080.0,146240113920.0,200.0
HK.01816,中广核电力,2.88,2880.0,145436595456.96,1000.0
HK.00003,香港中华煤气,7.5,7500.0,139949025735.0,1000.0
HK.01776,广发证券,17.59,3518.0,137639032538.49,200.0
HK.01929,周大福,13.54,2708.0,133590124448.0,200.0
HK.06099,招商证券,14.89,2978.0,129491284141.34,200.0
HK.02057,中通快递-W,169.5,8475.0,128602201483.5,50.0
HK.81024,快手-WR,29.52,2952.0,127731209258.16,100.0
HK.01787,山东黄金,27.48,6870.0,126680863347.0,250.0
HK.06618,京东健康,38.66,1933.0,123307268885.26,50.0
HK.00100,MINIMAX-W,347.2,6944.0,121254498937.6,20.0
HK.06613,蓝思科技,22.96,4592.0,121199890375.2,200.0
HK.01179,华住集团-S,38.58,3858.0,118642689370.2,100.0
HK.01928,金沙中国有限公司,14.65,5860.0,118568010641.9,400.0
HK.02050,三花智控,27.52,2752.0,115804543491.2,100.0
HK.00763,中兴通讯,23.86,4772.0,114135142403.82,200.0
HK.03296,华勤技术,74.25,7425.0,112577958627.75,100.0
HK.01698,腾讯音乐-SW,34.52,3452.0,108662366680.0,100.0
HK.86618,京东健康-R,33.06,1653.0,105445895223.66,50.0
HK.00288,万洲国际,8.205,4102.5,105271951407.75,500.0
HK.01913,普拉达,41.1,4110.0,105167666400.0,100.0
HK.02015,理想汽车-W,51.2,5120.0,104975825817.6,100.0
HK.01177,中国生物制药,5.595,5595.0,104531117726.85,1000.0
HK.03908,中金公司,21.04,8416.0,101565484502.72,400.0
HK.01880,中国中免,48.76,4876.0,101313364361.44,100.0
HK.01519,极兔速递-W,10.42,2084.0,100530786258.46,200.0
HK.06082,壁仞科技,37.74,7548.0,97816739790.0,200.0
HK.00501,豪威集团,76.5,7650.0,96214388818.5,100.0
HK.01209,华润万象生活,41.2,8240.0,94039000000.0,200.0
HK.09868,小鹏集团-W,48.1,4810.0,92166121061.3,100.0
HK.00914,海螺水泥,17.48,8740.0,92070569369.12,500.0
HK.06066,中信建投证券,11.54,5770.0,89512257957.38,500.0
HK.09866,蔚来-SW,35.66,356.6,89352086004.52,10.0
HK.06693,赤峰黄金,45.86,9172.0,87152856623.08,200.0
HK.01772,赣锋锂业,40.6,8120.0,85125792802.4,200.0
HK.06881,中国银河,7.72,3860.0,84413585416.32,500.0
HK.01876,百威亚太,6.3,630.0,83433401100.0,100.0
HK.00390,中国中铁,3.375,3375.0,82793172360.375,1000.0
HK.00753,中国国航,3.945,7890.0,80843153263.35,2000.0
HK.09660,地平线机器人-W,4.97,2982.0,78891228754.87,600.0
HK.01072,东方电气,22.74,4548.0,78643113813.24,200.0
HK.02618,京东物流,11.81,1181.0,78226151765.32,100.0
HK.03618,重庆农村商业银行,6.6,6600.0,74956200000.0,1000.0
HK.00966,中国太平,20.52,4104.0,73749260399.76,200.0
HK.02333,长城汽车,8.425,4212.5,72177305386.375,500.0
HK.09927,赛力斯,41.14,4114.0,71665266438.04,100.0
HK.09901,新东方-S,44.34,4434.0,70565224352.82,100.0
HK.03698,徽商银行,5.05,5050.0,70143496115.55,1000.0
HK.02249,晶合集成,30.88,3088.0,69005856035.36,100.0
HK.03661,圣邦股份,100.0,10000.0,68556535500.0,100.0
HK.02382,舜宇光学科技,61.75,6175.0,66626076400.0,100.0
HK.09696,天齐锂业,37.7,7540.0,64584066341.6,200.0
HK.03939,万国黄金集团,14.53,7265.0,63980614474.0,500.0
HK.02313,申洲国际,41.86,4186.0,62908714834.42,100.0
HK.02016,浙商银行,2.285,2285.0,62756693175.455,1000.0
HK.06806,申万宏源,2.5,2000.0,62599861400.0,800.0
HK.00670,中国东方航空股份,2.825,5650.0,62397856092.75,2000.0
HK.82333,长城汽车-R,7.21,3605.0,61768352740.15,500.0
HK.06880,MOMENTA-W,262.0,5240.0,61710958882.0,20.0
HK.01157,中联重科,7.125,1425.0,61620813556.5,200.0
HK.06969,思摩尔国际,9.94,9940.0,61584820679.76,1000.0
HK.03759,康龙化成,33.2,3320.0,60935837693.6,100.0
HK.01186,中国铁建,4.485,2242.5,60904243627.5,500.0
HK.09863,零跑汽车,42.74,4274.0,60768272746.48,100.0
HK.01800,中国交通建设,3.66,3660.0,59342457781.14,1000.0
HK.01364,古茗,24.94,9976.0,59311955348.4,400.0
HK.80291,华润啤酒-R,18.09,9045.0,58687160211.45,500.0
HK.02076,BOSS直聘-W,62.15,6215.0,58650768674.3,100.0
HK.01055,中国南方航空股份,3.185,6370.0,57715288953.14,2000.0
HK.02638,港灯-SS,6.53,3265.0,57700386000.0,500.0
HK.09626,哔哩哔哩-W,133.4,2668.0,55828669051.0,20.0
HK.03998,波司登,4.65,9300.0,54513311854.8,2000.0
HK.02688,新奥能源,48.0,4800.0,54328284672.0,100.0
HK.00241,阿里健康,3.26,6520.0,52731481145.9,2000.0
HK.06228,自由黄金-DRS,35.78,3578.0,52708827762.68,100.0
HK.00470,先导智能,31.34,3134.0,52470099741.56,100.0
HK.01099,国药控股,16.65,6660.0,51958925580.15,400.0
HK.09698,万国数据-SW,33.32,3332.0,51789360999.32,100.0
HK.02588,中银航空租赁,73.05,7305.0,50697454898.7,100.0
HK.01688,领益智造,6.24,4118.4,50670581064.48,660.0
HK.00960,龙湖集团,6.845,3422.5,48581720304.16,500.0
HK.03958,东方证券,5.68,2272.0,48260945258.56,400.0
HK.02727,上海电气,3.07,6140.0,47708173422.52,2000.0
HK.02196,复星医药,17.37,8685.0,46194825845.25,500.0
HK.00916,龙源电力,5.51,5510.0,46062587063.64,1000.0
HK.00486,俄铝,3.0,3000.0,45579044586.0,1000.0
HK.01071,华电国际电力股份,3.92,7840.0,45518154801.28,2000.0
HK.06198,青岛港,6.96,6960.0,45178056000.0,1000.0
HK.01530,三生制药,17.83,8915.0,45104888200.96,500.0
HK.00023,东亚银行,17.01,3402.0,44979661372.59,200.0
HK.03898,时代电气,33.6,3360.0,44711634643.2,100.0
HK.02039,中集集团,8.315,831.5,44173761660.275,100.0
HK.00991,大唐发电,2.37,4740.0,43860903894.48,2000.0
HK.02726,瀚天天成,102.7,5135.0,43707559987.0,50.0
HK.02607,上海医药,11.67,1167.0,43276582311.03,100.0
HK.02577,英诺赛科,46.74,4674.0,42771804521.22,100.0
HK.00656,复星国际,5.235,2617.5,42543912091.59,500.0
HK.03668,兖煤澳大利亚,32.14,3214.0,42438923505.18,100.0
HK.09880,优必选,83.9,4195.0,42235375194.7,50.0
HK.00008,电讯盈科,5.42,5420.0,41992872847.56,1000.0
HK.03396,联想控股,17.78,1778.0,41893785402.0,100.0
HK.02208,金风科技,9.9,1980.0,41781451605.3,200.0
HK.00868,信义玻璃,9.16,9160.0,40555216169.36,1000.0
HK.06963,阳光保险,3.395,1697.5,39047668887.5,500.0
HK.02282,美高梅中国,10.26,4104.0,38989964800.26,400.0
HK.00151,中国旺旺,3.3,3300.0,38782765345.5,1000.0
